{
  "id": "starlink",
  "title": "Starlink",
  "description": "A futuristic sci-fi style board game rule, highly customizable.",
  "version": "alpha-build17",
  "url": "https://gitee.com/thexeler/starlink/",
  "manifest": "https://gitee.com/thexeler/starlink/raw/main/system.json",
  "download": "https://gitee.com/thexeler/starlink/raw/main/update.zip",
  "esmodules": [
    "module/starlink.mjs"
  ],
  "styles": [
    "styles/starlink.css"
  ],
  "compatibility": {
    "verified": 13
  },
  "authors": [
    {
      "name": "TheXeler",
      "url": "https://github.com/TheXeler"
    }
  ],
  "documentTypes":{
    "Actor": {
      "Ship": {
        "htmlFields": []
      },
      "Character": {
        "htmlFields": []
      }
    },
    "Item": {
      "Component": {
        "htmlFields": []
      },
      "Planet":{
        "htmlFields": []
      },
      "Building":{
        "htmlFields": []
      }
    }
  },
  "languages": [
    {
      "lang": "en",
      "name": "English",
      "path": "lang/en.json"
    },
    {
      "lang": "cn",
      "name": "Chinese",
      "path": "lang/cn.json"
    }
  ],
  "packs": [
    {
      "name": "ships",
      "label": "TYPES.Actor.Ships",
      "type": "Actor",
      "system": "starlink"
    },
    {
      "name": "buildings",
      "label": "TYPES.Item.Buildings",
      "type": "Item",
      "system": "starlink"
    },
    {
      "name": "components",
      "label": "TYPES.Item.Components",
      "type": "Item",
      "system": "starlink"
    },
    {
      "name": "libs",
      "label": "TYPES.Other.Libs",
      "type": "Macro",
      "system": "starlink"
    }
  ],
  "primaryTokenAttribute": "attributes.health",
  "secondaryTokenAttribute": "attributes.shield"
}